ID / имя файла;Направление;Название баннера;Верхний фильтр;Решение на баннере;Псевдокнопка на изображении;Заголовок 1;Заголовок 2;Рекламный текст;Кнопка в интерфейсе Директа — кандидат;Отображаемая ссылка — кандидат;Проектный путь посадочной
01-audit-mandatory;Аудит;Обязательный аудит;Обязательный аудит;Проверка отчётности Аудиторское заключение;Запросить расчёт;Обязательный аудит;Обсудим объём проверки;Проверка бухгалтерской отчётности и аудиторское заключение. Обсудим объём работ.;Подробнее;audit;/audit/
02-audit-planning;Аудит;Пора планировать аудит?;Пора планировать аудит?;Обсудим сроки и документы;Обсудить задачу;Пора планировать аудит?;Сроки и документы;Планируете обязательный аудит? Обсудим сроки проверки и необходимые документы.;Подробнее;audit;/audit/
03-audit-voluntary;Аудит;Инициативный аудит;Инициативный аудит;Независимая проверка для собственника;Обсудить проверку;Инициативный аудит;Для собственника бизнеса;Независимая проверка отчётности по решению собственника. Обсудим вашу задачу.;Подробнее;audit;/audit/
04-valuation-mortgage;Оценка;Квартира для ипотеки?;Квартира для ипотеки?;Оценка недвижимости для оформления кредита;Запросить расчёт;Квартира для ипотеки?;Уточним требования банка;Оценка квартиры для ипотеки. Уточним требования банка, документы и стоимость.;Подробнее;ocenka;/ocenka/
05-valuation-business;Оценка;Оценка бизнеса и долей;Оценка бизнеса и долей;Определим стоимость для вашей задачи;Обсудить оценку;Оценка бизнеса и долей;Под вашу задачу;Оценка бизнеса и долей для вашей задачи. Обсудим исходные данные и объём работ.;Подробнее;ocenka;/ocenka/
06-valuation-property;Оценка;Оценка недвижимости;Оценка недвижимости;Земля, здания и коммерческие объекты;Запросить расчёт;Оценка недвижимости;Земля здания помещения;Оценка земельных участков, зданий и помещений. Запросите расчёт под вашу задачу.;Подробнее;ocenka;/ocenka/
07-expertise-building;Экспертиза;Спор о качестве работ?;Спор о качестве работ?;Строительно-техническая экспертиза;Обсудить задачу;Спор о качестве работ?;Разбор строительных работ;Вопросы о качестве и объёме строительных работ? Обсудим предмет экспертизы.;Подробнее;ekspertiza;/ekspertiza/
08-expertise-land;Экспертиза;Спор о границах участка?;Спор о границах участка?;Землеустроительная экспертиза;Обсудить задачу;Спор о границах участка?;Исследование границ участка;Спор о границах участка? Обсудим документы и вопросы для экспертизы.;Подробнее;ekspertiza;/ekspertiza/
09-expertise-fire;Экспертиза;Нужно выяснить причину пожара?;Нужно выяснить причину пожара?;Пожарно-техническая экспертиза;Обсудить задачу;Нужно выяснить причину пожара?;Причины и обстоятельства;Пожарно-техническая экспертиза. Обсудим материалы и вопросы исследования.;Подробнее;ekspertiza;/ekspertiza/
10-realty-buy;Недвижимость;Ищете квартиру на вторичном рынке?;Ищете квартиру на вторичном рынке?;Подбор квартиры под ваши требования;Обсудить подбор;Ищете квартиру на вторичном рынке?;Обсудим бюджет и локацию;Ищете вторичное жильё? Обсудим бюджет, локацию и требования к квартире.;Подробнее;nedvizhimost;/nedvizhimost/
11-realty-sell;Недвижимость;Продаёте квартиру?;Продаёте квартиру?;Помощь с продажей и сопровождением сделки;Обсудить продажу;Продаёте квартиру?;Сопровождение сделки;Помощь с продажей квартиры и сопровождением сделки. Обсудим ваши условия.;Подробнее;nedvizhimost;/nedvizhimost/
12-realty-newbuild;Недвижимость;Выбираете новостройку?;Выбираете новостройку?;Подбор вариантов под ваш бюджет;Обсудить подбор;Выбираете новостройку?;Варианты под ваш бюджет;Выбираете новостройку? Обсудим бюджет и локацию, подберём варианты.;Подробнее;nedvizhimost;/nedvizhimost/
